model_name,fold,best_epoch,validate_accuracy,validate_precision,validate_recall,validate_f1,validate_auroc,validate_average_precision,validate_TN,validate_FP,validate_FN,validate_TP,test_accuracy,test_precision,test_recall,test_f1,test_auroc,test_average_precision,test_TN,test_FP,test_FN,test_TP
medicalnet-18-2stage,1,16,0.8542199730873108,0.3678756356239319,0.5916666388511658,0.4536741077899933,0.8428142070770264,0.3977545499801636,931,122,49,71,0.853881299495697,0.30841121077537537,0.6000000238418579,0.40740740299224854,0.8583132028579712,0.36206942796707153,1056,148,44,66
medicalnet-18-2stage,2,26,0.9024389982223511,0.4711538553237915,0.429824560880661,0.44954127073287964,0.8813667297363281,0.4935916066169739,1061,55,65,49,0.891933023929596,0.3222222328186035,0.26363635063171387,0.28999999165534973,0.8187329769134521,0.3230419456958771,1143,61,81,29
medicalnet-18-2stage,3,28,0.8714057803153992,0.3263888955116272,0.4234234094619751,0.3686274588108063,0.8471784591674805,0.37282779812812805,1044,97,64,47,0.8691020011901855,0.3086419701576233,0.4545454680919647,0.36764705181121826,0.8381984829902649,0.3286972939968109,1092,112,60,50
medicalnet-18-2stage,4,40,0.9020100235939026,0.4285714328289032,0.5099999904632568,0.465753436088562,0.8739030957221985,0.43241268396377563,1026,68,49,51,0.8729071617126465,0.30344828963279724,0.4000000059604645,0.3450980484485626,0.835865318775177,0.33950075507164,1103,101,66,44
medicalnet-34-2stage,1,27,0.8780903816223145,0.4248366057872772,0.5416666865348816,0.4761904776096344,0.8530943989753723,0.4094296991825104,965,88,55,65,0.853881299495697,0.2771739065647125,0.4636363685131073,0.3469387888908386,0.8109182119369507,0.3290044963359833,1071,133,59,51
medicalnet-34-2stage,2,15,0.9056910276412964,0.49038460850715637,0.44736841320991516,0.4678899049758911,0.8696432709693909,0.4634751081466675,1063,53,63,51,0.891933023929596,0.349056601524353,0.33636364340782166,0.34259259700775146,0.8107746839523315,0.27775445580482483,1135,69,73,37
medicalnet-34-2stage,3,36,0.8905750513076782,0.3839285671710968,0.38738739490509033,0.3856502175331116,0.8597089052200317,0.38463467359542847,1072,69,68,43,0.8774733543395996,0.308270663022995,0.37272727489471436,0.3374485671520233,0.8366279006004333,0.3077932596206665,1112,92,69,41
medicalnet-34-2stage,4,29,0.9128978252410889,0.48181816935539246,0.5299999713897705,0.5047619342803955,0.8567367792129517,0.5740542411804199,1037,57,47,53,0.888127863407135,0.36090224981307983,0.4363636374473572,0.395061731338501,0.830345869064331,0.3541869819164276,1119,85,62,48
medicalnet-50-2stage,1,14,0.8755328059196472,0.37735849618911743,0.3333333432674408,0.3539822995662689,0.8421968817710876,0.3390844762325287,987,66,80,40,0.8942161202430725,0.34408602118492126,0.290909081697464,0.31527093052864075,0.826087236404419,0.30387377738952637,1143,61,78,32
medicalnet-50-2stage,2,15,0.8959349393844604,0.446153849363327,0.5087719559669495,0.4754098355770111,0.8662280440330505,0.4388372004032135,1044,72,56,58,0.8812785148620605,0.3174603283405304,0.3636363744735718,0.33898305892944336,0.7876774072647095,0.2714897692203522,1118,86,70,40
medicalnet-50-2stage,3,28,0.8706070184707642,0.3288590610027313,0.44144144654273987,0.3769230842590332,0.846049427986145,0.38331419229507446,1041,100,62,49,0.8767123222351074,0.30882352590560913,0.38181817531585693,0.3414634168148041,0.8343551158905029,0.30827224254608154,1110,94,68,42
medicalnet-50-2stage,4,25,0.8994975090026855,0.41803279519081116,0.5099999904632568,0.45945945382118225,0.8776873350143433,0.4706496596336365,1023,71,49,51,0.8767123222351074,0.296875,0.34545454382896423,0.3193277418613434,0.8227197527885437,0.28393810987472534,1114,90,72,38
resnet3d-18-2stage,1,16,0.8721227645874023,0.421875,0.675000011920929,0.5192307829856873,0.8618471622467041,0.4456498324871063,942,111,39,81,0.8683409690856934,0.34928229451179504,0.6636363863945007,0.45768025517463684,0.856727659702301,0.3662603497505188,1068,136,37,73
resnet3d-18-2stage,2,5,0.8934959173202515,0.4413793087005615,0.5614035129547119,0.4942084848880768,0.895452082157135,0.5425127744674683,1035,81,50,64,0.8858447670936584,0.3850574791431427,0.6090909242630005,0.47183099389076233,0.8723572492599487,0.4160994291305542,1097,107,43,67
resnet3d-18-2stage,3,9,0.8985623121261597,0.4344262182712555,0.477477490901947,0.45493561029434204,0.8713077306747437,0.467746764421463,1072,69,58,53,0.8911719918251038,0.3949044644832611,0.5636363625526428,0.46441948413848877,0.8575354814529419,0.40752705931663513,1109,95,48,62
resnet3d-18-2stage,4,16,0.9028475880622864,0.4466666579246521,0.6700000166893005,0.5360000133514404,0.890950620174408,0.567314863204956,1011,83,33,67,0.8782343864440918,0.34567901492118835,0.5090909004211426,0.4117647111415863,0.8353518843650818,0.4230383634567261,1098,106,54,56
resnet3d-34-2stage,1,16,0.8934356570243835,0.48175182938575745,0.550000011920929,0.5136186480522156,0.8469136953353882,0.48558369278907776,982,71,54,66,0.8698630332946777,0.3296089470386505,0.5363636612892151,0.40830451250076294,0.8485729694366455,0.4021570384502411,1084,120,51,59
resnet3d-34-2stage,2,4,0.8560975790023804,0.36595743894577026,0.7543859481811523,0.49283668398857117,0.8929367661476135,0.5251063704490662,967,149,28,86,0.8371385335922241,0.3030303120613098,0.7272727489471436,0.427807480096817,0.8834943175315857,0.4589696228504181,1020,184,30,80
resnet3d-34-2stage,3,6,0.8857827186584473,0.3857142925262451,0.4864864945411682,0.4302788972854614,0.8639804720878601,0.4435501992702484,1055,86,57,54,0.8668188452720642,0.3414634168148041,0.6363636255264282,0.4444444477558136,0.8547796010971069,0.4421525001525879,1069,135,40,70
resnet3d-34-2stage,4,13,0.9028475880622864,0.4365079402923584,0.550000011920929,0.48672565817832947,0.8876051902770996,0.49344950914382935,1023,71,45,55,0.8843227028846741,0.3687500059604645,0.5363636612892151,0.43703705072402954,0.8569389581680298,0.3950064480304718,1103,101,51,59
resnet3d-50-2stage,1,2,0.8874680399894714,0.4523809552192688,0.4749999940395355,0.46341463923454285,0.8540282845497131,0.425477534532547,984,69,63,57,0.8987823724746704,0.4217686951160431,0.5636363625526428,0.48249027132987976,0.8687028288841248,0.43946173787117004,1119,85,48,62
resnet3d-50-2stage,2,36,0.9081301093101501,0.5037037134170532,0.5964912176132202,0.5461847186088562,0.8947053551673889,0.5409775376319885,1049,67,46,68,0.8980212807655334,0.4277108311653137,0.6454545259475708,0.5144927501678467,0.8884778618812561,0.5134187340736389,1109,95,39,71
resnet3d-50-2stage,3,8,0.8969648480415344,0.4150943458080292,0.3963963985443115,0.4055299460887909,0.8854568600654602,0.4381195604801178,1079,62,67,44,0.8942161202430725,0.3858267664909363,0.44545453786849976,0.4135020971298218,0.868634819984436,0.4066157937049866,1126,78,61,49
resnet3d-50-2stage,4,13,0.9070351719856262,0.45736435055732727,0.5899999737739563,0.5152838230133057,0.8927971720695496,0.4963759183883667,1024,70,41,59,0.8888888955116272,0.3815789520740509,0.5272727012634277,0.442748099565506,0.875747561454773,0.4506641924381256,1110,94,52,58
vivit_pretrained-2stage,1,14,0.8942881226539612,0.47999998927116394,0.4000000059604645,0.4363636374473572,0.8467314839363098,0.4718475937843323,1001,52,72,48,0.8964992165565491,0.38596490025520325,0.4000000059604645,0.3928571343421936,0.8361144065856934,0.3817218244075775,1134,70,66,44
vivit_pretrained-2stage,2,2,0.9121951460838318,0.5714285969734192,0.21052631735801697,0.3076923191547394,0.8868295550346375,0.4817522168159485,1098,18,90,24,0.9178082346916199,0.5192307829856873,0.2454545497894287,0.3333333432674408,0.8374357223510742,0.39599743485450745,1179,25,83,27
vivit_pretrained-2stage,3,23,0.920127809047699,0.6000000238418579,0.29729729890823364,0.39759036898612976,0.8561558723449707,0.4693087935447693,1119,22,78,33,0.909436821937561,0.4383561611175537,0.290909081697464,0.34972676634788513,0.8205527663230896,0.37545114755630493,1163,41,78,32
vivit_pretrained-2stage,4,35,0.9254606366157532,0.5820895433425903,0.38999998569488525,0.46706587076187134,0.89180988073349,0.5106490254402161,1066,28,61,39,0.9086757898330688,0.4305555522441864,0.2818181812763214,0.34065935015678406,0.8439747095108032,0.362714946269989,1163,41,79,31
